"Year","January","February","March","April","May","June","July","August","September","October","November","December"
1750,-0.847,-1.326,-0.05,-0.397,-1.777,-1.265,-0.396,-0.044,-1.231,-2.296,-4.612,-3.305
1751,-1.795,-3.191,-0.035,-1.536,-1.153,-1.642,0.756,-0.514,-1.496,-2.877,-3.213,-2.215
1752,-3.562,1.691,-0.041,-1.657,-0.334,-0.068,0.569,-1.187,-1.349,-1.51,-0.199,-1.303
1753,-1.171,-1.759,0.484,-1.195,-0.384,-0.699,-0.588,-1.561,-1.685,-0.734,-1.419,-4.279
1754,-0.97,-3.249,-1.658,2.886,0.206,-0.359,-0.247,-1.936,-2.058,-0.152,-0.568,-0.518
1755,-1.399,-2.69,-2.003,-0.066,-0.079,0.345,0.267,-1.618,-1.609,-0.673,-1.268,-2.467
1756,0.357,2.371,-0.877,0.87,0.638,-0.075,-0.651,-1.699,-0.987,-1.435,-2.371,-3.341
1757,-3.017,0.788,-1.079,-0.368,0.275,2.025,1.735,1.905,0.868,-3.931,-2.278,-3.364
1758,-4.945,-3.155,-1.976,-1.735,-2.881,-1.322,-1.61,-3.368,-2.819,-3.47,-1.2,-2.078
1759,0.96,0.716,-1.151,-2.514,-2.408,-0.565,-2.647,-0.651,-1.173,-2.088,-3.028,-5.699
1760,-4.916,-0.684,-3.677,-2.18,-1.927,-2.338,-2.814,-2.042,-2.462,-2.869,-1.408,-3.294
1761,-3.046,-1.494,0.183,-1.498,0.784,2.228,3.15,-0.76,-0.717,-3.409,-1.353,-6.171
1762,2.394,0.979,-2.167,-0.398,-1.709,-1.397,-1.62,-0.761,-2.491,-3.252,-0.277,-2.056
1763,-3.11,-2.838,-4.352,-2.007,-2.075,-2.294,1.05,-1.435,-1.72,-3.32,-2.213,-1.196
1764,-1.873,1.981,-1.176,-1.455,-1.264,-3.047,-1.859,-1.868,-1.827,0.609,-0.67,1.386
1765,0.626,-0.639,0.715,0.223,-1.236,-3.066,-0.984,-0.788,-1.361,-1.27,-0.388,-1.047
1766,-3.857,0.473,-0.197,-0.671,-0.575,-0.739,-1.58,-0.474,0.057,-0.923,1.108,-1.221
1767,-3.917,-0.253,0.698,-2.704,-1.859,0.409,-1.817,0.506,-0.616,-0.404,2.212,-2.444
1768,-5.498,-3.957,-3.807,-1.812,-2.796,-1.554,-0.783,-1.733,-1.597,-1.65,-1.358,-0.767
1769,-0.493,-1.639,-1.412,0.266,0.887,0.682,-0.559,-0.881,-1.175,-4.299,-3.233,-4.653
1770,-0.873,-0.164,-4.758,0.56,-1.799,-2.568,-3.269,-2.621,-1.496,-0.382,-0.245,1.561
1771,1.858,-4.696,-3.812,-3.178,-1.816,-0.409,-1.107,-0.327,-1.156,0.96,-1.43,-1.12
1772,-1.305,-2.643,-3.375,-0.177,-2.591,-1.713,-0.499,-0.183,-1.871,-0.125,1.832,2.085
1773,-3.309,-2.57,-1.608,0.686,1.246,-1.305,-0.401,-0.563,0.184,-0.214,-2.394,1.951
1774,-3.621,0.597,-0.43,1.34,4.893,1.266,1.322,-0.173,-1.581,-0.986,-3.474,-3.319
1775,0.912,2.01,1.129,-1.696,-1.219,-2.048,-0.52,0.011,-1.385,0.785,1.861,-2.223
1776,-4.182,0.46,-2.046,-2.062,-2.272,-0.049,-1.147,0.333,-2.192,-1.826,-0.906,0.695
1777,2.628,0.466,-1.267,-3.307,-1.091,-2.112,-2.504,-1.778,-1.413,-2.817,-0.986,-0.646
1778,-0.309,1.369,-2.229,1.124,-1.188,-2.832,-0.052,-1.735,0.298,-2.04,-2.667,-2.081
1779,-2.305,0.613,0.22,0.205,1.321,-2.279,-1.844,-0.89,-0.226,-0.349,-0.326,-0.95
1780,-1.287,0.07,-0.562,3.924,2.607,-0.128,0.719,-1.394,-2.97,0.326,-0.111,-1.703
1781,-0.222,-1.703,-0.631,-1.672,-0.439,-1.852,-0.282,0.362,-1.767,-0.59,1.968,-0.372
1782,-2.01,-2.584,-2.061,0.088,-0.027,-0.02,-0.591,1.241,0.257,-0.415,-0.89,-2.117
1783,-4.233,1.47,-1.078,-0.33,0.93,1.343,-1.194,-0.171,-2.294,-1.464,-3.368,-0.975
1784,-0.19,-1.935,-1.309,-0.378,-1.993,-0.6,0.035,0.877,-1.893,-1.618,-1.032,-0.713
1785,-0.403,-1.64,-4.07,-1.592,-1.471,0.924,0.05,0.439,-1.738,-1.536,0.028,-2.101
1786,-2.253,-1.372,-0.113,0.046,-0.228,-0.15,0.626,0.71,0.719,-0.724,-2.627,-3.314
1787,0.641,-0.225,-0.065,-1.202,-0.116,0.464,-0.961,-0.537,-1.841,-1.142,-0.855,-0.899
1788,-2.31,0.409,-0.719,-0.047,-0.77,0.269,2.041,0.421,-0.196,0.277,0.471,-4.632
1789,0.713,-0.778,-1.643,-1.069,-0.089,-0.421,0.63,-0.168,-0.066,-1.209,0.263,0.59
1790,0.486,0.138,-0.475,-1.663,-1.015,-0.113,-1.084,-0.652,-0.858,-0.534,-0.804,0.5
1791,0.411,0.404,0.136,0.228,-0.971,-0.442,-1.021,-0.285,-0.904,-1.201,0.276,0.288
1792,-2.811,0.575,-0.586,-0.528,0.243,0.67,0.148,-1.518,0.445,-1.334,-0.773,0.022
1793,-1.092,1.74,0.109,0.536,-0.36,-0.327,-0.104,-0.688,-0.649,-0.759,-0.361,-1.361
1794,1.113,0.211,1.017,0.657,1.018,-1.325,-1.564,-0.437,0.273,-0.102,-0.046,-0.093
1795,0.682,1.559,0.922,1.197,0.444,-0.973,0.319,0.005,-1.594,-0.908,-0.248,0.426
1796,1.251,0.512,-1.891,-0.661,-0.173,0.889,-0.182,0.711,-0.196,-0.052,-0.489,-2.397
1797,2.234,2.902,-0.773,-1.288,-1.063,0.369,-0.894,-0.076,0.049,-0.315,-1.167,0.03
1798,0.571,0.102,1.208,-0.417,-0.296,-0.388,0.387,0.91,-0.844,-0.522,0.181,-1.392
1799,-0.301,-2.414,-1.962,-0.014,-0.26,-0.048,-0.105,-0.389,-0.335,0.163,0.205,-1.672
1800,-0.662,-0.785,-1.013,0.629,-0.957,-0.261,-0.756,-0.38,-1.143,0.109,-0.003,0.081
1801,1.022,0.506,1.422,-0.715,0.928,-0.519,0.024,-1.268,-0.29,1.242,-0.148,1.126
1802,1.662,1.399,1.386,0.629,-1.368,-0.051,-0.146,-0.58,-0.105,0.058,-0.785,-0.5
1803,-1.471,-1.076,-0.158,0.891,0.202,0.107,0.095,0.626,0.129,0.807,-0.075,-0.658
1804,-0.368,-1.19,-0.958,1.205,0.361,0.006,1.169,0.048,0.117,-0.151,0.915,-0.966
1805,0.396,-0.467,0.595,-0.255,-0.335,0.417,0.173,1.132,-0.244,-1.716,-1.498,0.829
1806,0.4,-0.223,-0.506,-0.376,0.052,-1.253,-0.661,0.476,0.272,-0.789,-0.763,0.498
1807,-1.647,0.271,-0.588,-1.424,-2.335,-0.334,-0.308,-0.509,0.363,-0.314,0.181,0.95
1808,-1.502,-0.964,-0.972,-1.031,-2.152,-0.323,0.066,-1.031,-0.3,-0.836,-1.496,-2.087
1809,-2.373,-2.292,-1.855,-0.433,-2.062,-0.74,-1.867,-1.065,-1.21,-0.743,-2.928,-1.25
1810,-2.116,-0.676,-0.028,-1.58,-2.289,-1.966,-1.982,-1.915,-2.953,-2.317,-1.989,-0.897
1811,-1.614,-3.022,0.126,-2.218,-1.826,-1.287,-2.292,-0.537,-1.762,-2.216,-2.515,0.145
1812,-1.157,-3.017,-3.031,-1.389,-1.903,-1.75,-0.059,1.417,-1.842,-1.517,-1.412,-2.356
1813,-4.098,-1.02,-3.163,-0.181,0.118,-0.532,-0.155,-0.926,0.035,-0.729,0.761,-1.281
1814,-0.734,-1.395,-2.608,-1.216,-2.031,-0.792,-1.874,-1.162,-1.587,-1.658,0.806,2.686
1815,-0.675,-1.008,-1.566,-1.705,-1.522,-2.442,-0.072,-0.647,-0.958,-1.941,-1.927,-2.272
1816,0.191,-3.605,-1.417,-0.801,-0.71,-1.96,-2.399,-1.406,-1.916,-3.834,-1.834,-1.437
1817,-0.765,0.875,-0.136,-0.016,-1.894,-2.628,-2.325,-0.723,-3.873,-2.9,-1.134,-2.908
1818,-0.629,-1.796,0.878,2.003,0.357,0.629,-0.878,-0.779,-1.927,-2.438,-0.224,-0.741
1819,-1.277,-1.17,-2.671,-1.583,-0.986,-0.963,-1.415,-1.36,-0.873,-0.607,-0.857,-1.877
1820,-2.398,-0.76,-0.74,1.06,0.59,-0.184,-0.703,-1.7,-0.838,-1.783,-1.537,-1.996
1821,0.298,0.712,0.003,-0.467,-0.166,-1.369,-1.427,-1.12,-2.108,-1.169,-0.897,-1.064
1822,-0.269,0.896,2.095,-0.313,-0.612,-0.475,-0.682,-0.806,-1.787,-1.505,-1.424,-2.769
1823,-0.839,-1.075,-0.486,-0.673,-0.783,-0.113,-0.104,-0.979,-1.642,-1.637,-1.433,-1.3
1824,0.296,-0.549,-0.041,0.052,-0.136,-0.239,-0.108,-0.896,-0.711,-1.325,-0.715,0.869
1825,0.107,-0.402,-0.354,0.613,-0.456,-0.122,-1.117,-1.019,-1.249,-1.12,-0.39,-0.738
1826,-0.695,-1.502,-0.675,-0.143,0.381,-0.383,-0.194,-0.903,-1.077,-0.801,0.627,1.014
1827,0.845,0.997,0.361,0.94,0.32,-0.038,0.115,-0.405,-0.91,-0.659,0.025,-0.512
1828,-1.804,-1.345,0.174,0.328,0.037,0.142,0.019,-0.397,-2.036,-0.57,-0.334,-1.293
1829,-0.846,-1.572,-0.492,-0.603,-0.106,-0.903,-0.264,-0.736,-1.501,-0.673,-0.987,-0.841
1830,0.659,0.946,-0.753,0.396,-1.18,-0.803,0.239,-0.591,-1.642,-1.069,1.465,0.919
1831,-0.193,-0.704,-0.721,-0.51,-0.391,-0.588,-0.915,-1.66,-1.984,-1.389,-1.449,-1.294
1832,-0.551,-1.452,-1.057,-0.424,-0.8,-0.957,-0.844,-1.725,-1.71,-0.717,-1.799,-2.444
1833,-0.365,-0.411,-1.078,-0.559,-0.714,-0.625,-0.86,-0.828,-0.986,-1.248,0.793,-0.267
1834,-2.179,-0.556,0.42,-0.275,-0.13,-0.806,-0.54,-0.749,-0.762,-0.613,0.622,-0.374
1835,0.505,-0.203,-0.914,-0.539,-1.12,-1.572,-1.657,-1.784,-2.138,-1.346,-1.809,-2.016
1836,-0.54,-0.666,0.024,-1.1,-1.312,-1.106,-1.051,-1.431,-1.388,-0.392,-1.964,-0.344
1837,-0.22,-0.495,-1.422,-2.131,-1.785,-1.438,-1.217,-0.943,-1.362,-1.487,-1.499,-0.862
1838,-3.313,-1.512,-1.588,-0.908,-1.453,-0.823,-0.277,-0.484,-1.006,-0.548,-0.668,-0.801
1839,-0.148,0.439,-2.605,-0.391,-1.024,-0.845,-0.022,0.119,-1.224,-1.034,-1.979,-2.249
1840,0.344,-0.92,-1.216,-0.549,-0.276,-0.354,0.074,-0.941,-1.196,-1.717,-1.972,-1.584
1841,-1.906,-0.632,-2.089,-1.652,-0.788,-0.704,-0.051,-0.454,-1.356,-0.583,-1.404,-1.005
1842,-0.807,-0.461,0.371,-0.186,-0.876,-1.042,-0.899,-0.813,-1.262,-0.906,-1.24,0.205
1843,0.631,0.822,-0.533,-0.601,-1.459,-1.251,-0.685,-0.858,-1.009,-0.563,-1.201,0.29
1844,-0.538,-1.063,-0.594,-1.071,-1.363,-0.873,-0.708,-1.077,-1.332,-0.57,-1.792,-1.754
1845,0.028,-1.664,-0.924,-0.343,-1.029,-0.855,-0.332,-0.551,-1.072,-1.557,-0.966,-1.943
1846,0.744,0.241,1.012,-0.897,-0.524,-0.185,0.311,0.041,-0.451,-1.072,-0.995,0.016
1847,0.128,0.385,-1.352,-0.42,-0.817,-0.796,-0.328,-0.693,-0.637,-0.668,-0.49,-1.879
1848,-2.059,0.628,-0.609,-0.361,-0.847,-0.478,-0.11,-0.742,-1.199,-0.577,-0.802,-1.558
1849,-0.681,-0.584,-0.051,-1.387,-1.296,-0.676,-0.126,-0.513,-1.114,-0.412,-0.242,-1.727
1850,-1.897,-0.099,-0.506,-1.179,-1.398,-0.515,0.012,-0.004,-0.738,-1.279,-1.447,-1.181
1851,-0.114,-0.697,-1.196,-1.105,-0.344,-0.325,-0.048,-0.375,-0.573,-0.233,-1.227,-0.541
1852,-0.309,-0.834,-1.613,-0.955,-0.257,-0.512,-0.149,-0.875,-0.74,-0.381,-1.532,0.126
1853,-0.883,-1.023,-1.36,-0.779,-0.472,-0.251,0.196,-0.02,-0.623,-0.717,-1.436,-0.729
1854,-1.415,-1.381,-0.602,-0.759,-0.372,-0.858,0.128,-0.169,-0.596,0.601,-0.3,-0.105
1855,0.089,-0.175,-0.678,0.229,-0.106,-0.551,-0.626,-0.463,-0.955,-0.747,-0.934,-1.617
1856,0.155,-0.988,-0.947,-0.518,-0.701,0.019,-0.211,-0.87,-1.229,-1.192,-0.847,-0.322
1857,-0.797,-0.998,-0.907,-1.528,-1.481,-0.868,-0.423,-0.666,-1.076,-1.016,-0.862,-0.124
1858,-0.109,-1.048,-0.512,-0.101,-0.461,-0.233,-0.473,-0.561,-0.879,-0.425,-0.158,-1.194
1859,-0.693,-0.595,-0.467,0.29,0.177,-0.111,-0.349,-0.54,-0.921,-0.3,-0.221,-0.366
1860,-0.828,-0.761,-2.009,-0.539,-0.309,-0.173,-0.121,-0.011,-0.275,-0.559,-1.157,-2.106
1861,-2.234,-1.036,-0.918,-0.86,-0.916,-0.507,-0.271,-0.069,-0.71,-0.929,-0.26,-0.745
1862,-2.096,-1.605,-0.989,-1.112,-0.463,-0.58,-0.366,-0.711,-0.993,-1.004,-1.284,-2.044
1863,0.375,-0.269,-0.646,-0.254,-0.118,-0.388,-0.492,-0.668,-1.029,-1.069,-0.589,-0.911
1864,-1.118,-0.599,-0.647,-0.751,-0.192,0.013,-0.022,-0.36,-0.675,-0.475,-0.931,-1.464
1865,0.324,-0.989,-1.226,-0.866,-0.371,-0.268,-0.01,-0.24,-0.216,-0.012,0.097,-0.933
1866,0.279,-1.025,-0.933,-0.489,-0.443,-0.62,0.36,-0.35,-0.441,-0.658,-0.098,0.382
1867,-0.199,-0.67,-0.841,-0.132,-0.807,-0.114,0.015,-0.17,-0.188,0.029,0.857,0.049
1868,-0.885,-1.466,-0.748,-0.158,-0.158,-0.12,0.216,-0.098,-0.608,0.072,-1.042,-0.482
1869,-0.448,0.223,-0.958,-0.373,-0.079,0.003,0.029,0.066,0.226,-0.303,-0.367,-0.929
1870,-0.676,-1.237,-0.81,-0.469,-0.037,0.203,0.172,-0.413,-0.146,-0.494,-0.57,-1.488
1871,-1.315,-1.515,-0.593,0.053,-0.536,-0.353,-0.055,0.015,-0.507,-0.194,-1.192,-0.776
1872,-0.958,-0.83,-0.53,-0.527,-0.167,-0.407,-0.069,-0.046,-0.231,-0.163,-0.923,-1.219
1873,-0.75,-0.103,-0.564,-0.893,-0.357,-0.085,-0.099,-0.113,-0.59,-0.106,-0.46,-0.071
1874,-0.028,-0.107,-1.158,-0.203,0.204,-0.231,-0.256,-0.08,0.045,-0.098,-0.435,-0.344
1875,-1.033,-0.76,-1.049,-0.781,-0.544,-0.281,-0.175,-0.487,-0.795,-0.573,-1.455,-0.895
1876,-0.61,-0.458,-0.458,-0.07,-0.627,-0.324,-0.08,-0.435,-0.356,-0.249,-0.979,-1.519
1877,-0.527,-0.3,0.039,-0.305,-0.219,-0.196,0.251,0.253,0.027,0.048,0.175,-0.814
1878,-0.643,0.63,1.393,0.609,-0.31,0.324,0.488,0.261,0.068,0.009,0.31,-0.248
1879,-0.202,-0.458,-0.275,-0.543,-0.486,-0.272,-0.142,-0.609,-0.651,0.067,-0.609,-1.145
1880,-0.798,-1.307,-0.862,-0.896,-0.29,-0.336,-0.266,-0.184,-0.698,-0.549,-0.281,-0.506
1881,-0.117,-0.566,-0.24,0.07,-0.09,-0.747,-0.197,-0.077,-0.366,-0.376,-0.768,-0.386
1882,0.473,0.055,-0.287,-0.622,-0.413,-0.646,-0.626,-0.191,-0.282,-0.737,-1.003,-1.426
1883,-1.006,-1.23,-0.276,-0.608,-0.464,-0.089,-0.34,-0.602,-0.663,-0.204,-1.121,-0.298
1884,-0.348,-0.559,-1.34,-1.084,-1.165,-0.877,-0.691,-0.519,-0.79,-0.696,-0.914,-0.538
1885,-1.405,-0.872,-0.566,-0.821,-0.713,-0.747,-0.298,-0.53,-0.596,-0.411,-0.714,0.094
1886,-1.132,-1.372,-1.018,-0.341,-0.551,-0.659,-0.116,-0.582,-0.484,-0.656,-0.87,-0.091
1887,-1.692,-1.057,-0.685,-0.462,-0.488,-0.648,-0.314,-0.825,-0.353,-0.546,-0.537,-0.755
1888,-0.719,-1.056,-0.889,-0.471,-0.645,-0.569,-0.105,-0.334,-0.318,-0.018,-0.249,-0.238
1889,-0.69,0.419,0.099,0.318,-0.1,-0.122,-0.104,-0.402,-0.467,-0.418,-1.027,-0.463
1890,-0.695,-0.683,-1.033,-0.457,-0.84,-0.619,-0.345,-0.602,-0.499,-0.052,-1.091,-0.631
1891,-0.896,-1.311,-0.493,-0.661,-0.506,-0.59,-0.438,-0.418,-0.351,-0.535,-0.936,0.084
1892,-0.544,-0.398,-0.968,-0.684,-0.601,-0.186,-0.438,-0.424,-0.387,0.035,-1.157,-0.66
1893,-2.006,-1.482,-0.29,-0.272,-0.528,-0.331,-0.001,-0.368,-0.269,-0.074,-0.226,-0.447
1894,-0.806,-0.305,-0.16,-0.57,-0.282,-0.571,-0.25,-0.299,-0.461,-0.066,-0.581,-0.41
1895,-1.216,-1.106,-0.621,-0.066,-0.313,-0.347,-0.179,-0.326,-0.266,-0.094,-0.247,-0.158
1896,-0.222,-0.416,-1.007,-0.824,-0.371,-0.107,-0.079,-0.198,-0.207,0.25,-0.733,-0.285
1897,-0.559,-0.688,-0.953,0.003,0.139,-0.142,-0.07,-0.194,-0.111,0.063,-0.357,-0.353
1898,0.292,-0.743,-1.49,-0.385,-0.324,-0.024,-0.24,-0.301,-0.312,-0.418,-0.596,-0.123
1899,0.032,-0.757,-0.626,0.075,-0.168,-0.439,-0.114,-0.097,0.072,0.151,0.527,-0.516
1900,-0.979,-0.001,0.222,-0.053,0.196,-0.054,-0.101,-0.049,-0.082,0.488,-0.254,0.122
1901,-0.352,-0.024,0.34,0.288,-0.073,0.004,0.038,0.006,-0.09,-0.189,-0.103,-0.195
1902,0.1,0.461,-0.399,-0.297,-0.368,-0.164,-0.085,-0.264,-0.289,-0.413,-0.791,-0.83
1903,-0.024,0.351,-0.29,-0.382,-0.451,-0.529,-0.298,-0.404,-0.578,-0.386,-0.489,-0.655
1904,-0.805,-0.807,-0.727,-0.565,-0.414,-0.421,-0.505,-0.395,-0.683,-0.43,0.16,-0.233
1905,-0.22,-1.193,-0.561,-0.488,-0.251,-0.261,-0.214,-0.246,-0.291,-0.21,0.11,-0.173
1906,-0.457,-0.776,-0.342,0.379,-0.023,-0.068,-0.166,-0.135,-0.3,0.05,-0.531,0.135
1907,-0.719,-0.983,-0.654,-0.622,-0.871,-0.694,-0.516,-0.463,-0.389,0.028,-0.813,-0.582
1908,-0.323,-0.275,-1.068,-0.417,-0.122,-0.137,-0.111,-0.446,-0.1,-0.343,-0.814,-0.53
1909,-1.181,-0.477,-0.651,-0.667,-0.623,-0.449,-0.235,-0.07,-0.162,-0.038,0.172,-0.346
1910,-0.144,-0.347,-0.606,-0.154,-0.284,-0.302,-0.038,-0.133,-0.325,-0.23,-0.743,-0.9
1911,-0.93,-0.718,-0.873,-0.268,-0.45,-0.348,-0.242,-0.346,-0.433,0.029,-0.113,-0.152
1912,-0.162,0.113,-0.914,-0.021,-0.028,0.062,-0.533,-0.72,-0.863,-0.869,-0.528,-0.553
1913,-0.496,-0.781,-0.724,-0.266,-0.552,-0.415,-0.166,-0.132,-0.329,-0.165,-0.01,0.543
1914,0.843,0.095,-0.297,-0.187,0.035,0.099,0.009,-0.101,-0.137,0.197,-0.282,0.033
1915,-0.263,0.123,-0.116,0.404,0.196,-0.134,0.08,-0.099,-0.245,-0.239,0.139,-0.007
1916,0.05,-0.149,-0.423,-0.205,-0.291,-0.496,-0.25,-0.274,-0.361,-0.176,-0.457,-1.244
1917,-0.416,-0.836,-0.822,-0.46,-0.841,-0.547,-0.075,-0.372,-0.339,-0.664,-0.246,-1.32
1918,-0.638,-0.682,-0.449,-0.652,-0.793,-0.493,-0.338,-0.447,-0.195,0.195,-0.376,-0.777
1919,-0.386,-0.364,-0.548,0.178,-0.329,-0.219,-0.053,-0.097,-0.117,0.106,-0.579,-0.387
1920,0.287,-0.449,-0.051,0.006,-0.177,-0.358,-0.088,-0.206,-0.312,-0.215,-0.528,-0.978
1921,0.395,-0.031,-0.232,0.019,-0.106,-0.017,0.066,-0.353,-0.212,0.041,-0.22,0.048
1922,-0.419,-0.809,-0.129,0.098,-0.234,-0.142,-0.094,-0.348,-0.366,-0.193,-0.031,0.057
1923,-0.086,-0.638,-0.435,-0.541,-0.444,-0.217,-0.408,-0.305,-0.235,0.245,0.266,0.275
1924,-0.265,-0.291,0.059,-0.347,-0.15,-0.167,-0.083,-0.265,-0.172,-0.066,0.282,-0.167
1925,-0.311,-0.525,-0.236,0.099,-0.288,-0.402,-0.312,-0.119,-0.129,-0.068,0.245,0.721
1926,0.852,0.486,0.5,-0.12,-0.406,-0.242,-0.223,-0.033,-0.018,0.302,0.182,-0.316
1927,-0.288,-0.227,-0.646,-0.262,-0.184,-0.24,-0.079,-0.196,0.144,0.64,0.213,-0.433
1928,0.385,0.148,-0.368,-0.095,-0.185,-0.401,-0.088,-0.194,-0.089,0.198,0.209,0.2
1929,-0.594,-1.076,-0.232,-0.285,-0.457,-0.595,-0.44,-0.256,-0.296,0.172,-0.007,-1.136
1930,-0.286,-0.119,0.188,-0.208,-0.314,-0.178,0.049,0.004,-0.262,-0.035,0.414,0.094
1931,0.072,-0.532,-0.073,-0.212,-0.378,0.033,0.178,0.19,0.16,0.657,0.096,0.319
1932,0.959,-0.266,-0.396,0.402,-0.125,-0.148,-0.007,-0.174,0.184,0.405,-0.253,-0.173
1933,-0.485,-0.596,-0.489,-0.241,-0.32,-0.408,-0.15,-0.151,-0.264,-0.046,-0.254,-0.565
1934,-0.194,0.447,-0.581,-0.367,0.129,-0.118,-0.037,-0.136,-0.363,0.137,0.22,0.267
1935,-0.489,0.838,0.016,-0.609,-0.485,-0.239,-0.083,-0.144,-0.131,0.203,-0.701,-0.276
1936,-0.406,-0.742,-0.348,-0.262,-0.126,-0.179,0.224,-0.065,-0.114,0.176,0.063,0.206
1937,-0.226,0.278,-0.505,-0.248,0.023,0.054,-0.025,0.093,0.27,0.432,0.189,-0.233
1938,0.227,0.13,0.291,0.523,0.091,-0.22,0.062,0.043,0.292,0.488,0.384,-0.181
1939,0.266,-0.02,-0.436,-0.05,0.155,0.019,0.011,0.028,-0.169,-0.068,0.013,1.23
1940,-0.347,0.122,0.006,0.325,-0.055,0.044,0.2,-0.057,0.17,0.18,-0.081,0.423
1941,0.072,0.349,-0.181,0.145,0.1,0.09,0.285,0.107,-0.305,0.399,-0.221,-0.029
1942,0.424,-0.403,-0.1,0.034,-0.055,0.034,-0.18,-0.134,0.016,0.324,0.223,0.209
1943,-0.293,0.254,-0.258,0.265,0.097,-0.388,0.043,-0.142,-0.049,0.612,0.091,0.537
1944,0.862,0.288,0.15,0.051,-0.021,-0.066,0.051,0.113,0.317,0.501,-0.077,-0.257
1945,-0.161,-0.644,-0.185,0.261,-0.295,-0.212,-0.189,0.379,0.066,0.271,-0.1,-0.555
1946,0.319,0.166,-0.165,0.437,-0.027,-0.252,-0.015,-0.1,-0.07,-0.022,0.077,-0.53
1947,-0.059,-0.001,0.389,0.292,-0.058,-0.103,-0.05,-0.084,0.034,0.71,0.264,-0.049
1948,0.703,-0.079,-0.465,0.093,0.135,0.105,0.012,-0.044,0.002,0.267,0.026,-0.2
1949,0.556,-0.535,-0.348,-0.061,-0.083,-0.328,-0.208,-0.1,-0.203,0.229,-0.011,-0.239
1950,-0.646,-0.546,-0.149,-0.272,-0.101,-0.166,-0.259,-0.473,-0.169,-0.137,-0.754,-0.145
1951,-0.527,-0.947,-0.294,-0.011,0.15,-0.241,-0.133,0.113,0.192,0.391,0.065,0.632
1952,0.391,0.108,-0.426,0.104,-0.034,-0.057,0.178,0.081,0.142,-0.134,-0.705,-0.021
1953,0.31,0.358,0.346,0.501,0.133,0.093,0.002,0.162,0.09,0.315,-0.216,0.322
1954,-0.613,-0.207,-0.273,-0.208,-0.375,-0.117,-0.138,-0.04,-0.011,0.279,0.454,-0.112
1955,0.75,-0.122,-0.796,-0.274,-0.199,0.025,-0.139,0.391,-0.175,0.441,-0.163,-0.363
1956,-0.178,-0.485,-0.476,-0.462,-0.672,-0.321,-0.198,-0.702,-0.342,-0.356,-0.401,-0.12
1957,-0.203,-0.162,-0.37,-0.11,-0.163,0.142,-0.295,0.063,0.097,0.101,0.218,0.628
1958,0.9,0.398,0.06,0.139,0.131,-0.374,0.013,-0.324,-0.291,0.083,0.138,0.159
1959,0.342,0.093,0.51,0.459,-0.013,0.065,0.076,-0.012,-0.163,-0.113,-0.371,0.12
1960,0.086,0.553,-1.084,-0.293,-0.505,-0.097,-0.19,-0.069,-0.013,0.191,-0.306,0.588
1961,0.3,0.439,0.156,0.252,0.236,0.161,-0.072,-0.02,0.132,-0.016,0.058,-0.188
1962,0.348,0.405,0.149,0.16,-0.245,-0.079,-0.164,-0.179,-0.123,0.16,0.128,0.25
1963,0.231,0.754,-0.265,-0.212,-0.333,-0.13,0.133,0.435,0.458,0.637,0.368,0.06
1964,0.187,-0.199,-0.534,-0.505,-0.466,-0.029,-0.06,-0.225,-0.519,-0.485,-0.182,-0.252
1965,0.214,-0.228,-0.187,-0.4,-0.173,-0.204,-0.307,-0.073,-0.393,0.223,-0.28,0.098
1966,-0.162,0.038,0.192,-0.203,-0.149,0.011,0.241,-0.119,0.047,-0.163,-0.154,-0.285
1967,0.086,-0.316,0.086,0.06,0.283,-0.323,0.007,-0.139,-0.021,0.534,0.051,0.24
1968,-0.281,-0.007,0.794,0.097,-0.351,-0.262,-0.41,-0.368,-0.544,0.189,-0.215,-0.42
1969,-0.66,-0.806,-0.253,0.209,0.015,-0.037,-0.149,-0.021,-0.071,0.22,0.3,0.541
1970,0.206,0.537,-0.052,0.217,-0.153,0.007,0.062,-0.202,0.198,0.102,-0.074,-0.153
1971,0.342,-0.355,-0.326,-0.038,-0.137,-0.385,-0.188,0.032,0.048,0.127,0.169,0.204
1972,-0.745,-0.665,-0.116,-0.017,-0.176,-0.002,-0.106,0.326,-0.166,0.063,-0.323,0.127
1973,0.41,0.654,0.515,0.612,0.435,0.356,0.112,0.019,0.065,0.349,0.112,0.194
1974,-0.344,-0.671,-0.157,0.003,-0.153,-0.082,-0.037,0.166,-0.324,-0.13,-0.242,-0.132
1975,0.441,0.186,0.367,0.246,0.43,0.079,0.007,-0.372,0.057,0.082,-0.189,0.048
1976,0.313,-0.142,-0.809,-0.082,-0.399,-0.401,-0.135,-0.328,-0.177,-0.719,-0.429,0.066
1977,-0.08,0.302,0.406,0.507,0.449,0.42,0.331,0.281,-0.202,-0.057,0.452,0.121
1978,0.149,0.271,0.302,0.47,0.057,-0.266,0.038,-0.54,-0.036,0.113,0.27,0.134
1979,0.13,-0.344,0.111,0.135,-0.184,-0.046,-0.242,0.01,0.181,0.33,0.213,0.97
1980,0.39,0.481,0.037,0.612,0.536,0.128,0.504,0.406,0.272,0.369,0.65,0.431
1981,1.269,0.855,0.896,0.579,0.2,0.298,0.401,0.691,0.142,0.124,0.171,0.955
1982,-0.015,0.104,-0.44,0.126,0.042,-0.174,0.232,-0.031,-0.014,0.002,-0.098,0.746
1983,0.863,0.637,0.352,0.358,0.411,0.02,0.046,0.482,0.66,0.263,0.68,0.262
1984,0.377,-0.113,0.357,0.085,0.679,-0.09,0.093,0.105,-0.026,0.158,-0.249,-0.446
1985,0.474,-0.509,0.105,0.285,0.108,0.139,-0.343,0.219,-0.099,0.12,-0.092,0.226
1986,0.778,0.837,0.498,0.543,0.288,-0.041,-0.005,0.137,-0.213,0.107,-0.13,0.196
1987,0.602,0.977,-0.032,0.259,0.206,0.478,0.568,0.062,0.424,0.423,-0.015,0.896
1988,0.94,0.272,0.616,0.692,0.545,0.626,0.45,0.684,0.679,0.782,0.23,0.782
1989,0.149,0.439,0.468,0.391,-0.043,-0.011,0.307,0.327,0.376,0.548,0.125,0.862
1990,0.706,0.511,1.429,0.877,0.549,0.427,0.468,0.274,0.173,0.649,0.816,0.819
1991,0.708,0.925,0.29,0.95,0.301,0.834,0.687,0.496,0.637,0.556,0.346,0.476
1992,1.039,0.693,0.609,0.271,0.214,0.133,-0.165,-0.06,-0.406,0.129,-0.192,0.473
1993,0.707,0.614,0.593,0.36,0.139,0.082,0.255,0.008,-0.077,0.408,-0.314,0.467
1994,0.504,-0.362,0.415,0.679,0.375,0.712,0.38,0.12,0.459,0.81,0.747,0.529
1995,1.005,1.488,0.634,0.669,0.266,0.697,0.772,0.805,0.518,0.886,0.686,0.511
1996,0.325,0.807,0.232,0.37,0.27,0.192,0.507,0.764,0.29,0.296,0.456,0.714
1997,0.614,0.589,0.635,0.544,0.253,0.678,0.195,0.41,0.623,0.904,0.786,0.838
1998,0.839,1.67,0.674,1.05,0.962,1.077,1.025,1.067,0.653,0.763,0.363,1.112
1999,1.04,1.492,0.227,0.469,0.361,0.596,0.541,0.535,0.694,0.781,0.562,0.98
2000,0.409,1.003,0.881,1.221,0.554,0.603,0.546,0.731,0.541,0.256,0.217,0.277
2001,0.82,0.564,0.916,0.914,0.967,0.645,0.828,0.608,0.687,0.694,1.241,0.923
2002,1.512,1.541,1.468,0.89,0.936,0.636,1.045,0.738,0.959,0.769,0.843,0.476
2003,1.465,0.93,0.747,0.844,0.831,0.551,0.689,0.87,0.89,1.215,0.612,1.569
2004,1.031,1.297,1.036,0.928,0.209,0.455,-0.006,0.374,0.595,0.998,1.255,0.686
2005,1.29,0.752,1.244,1.223,0.897,1.011,0.876,0.704,1.22,1.44,1.383,1.287
2006,0.724,1.233,1.004,0.717,0.438,0.987,0.68,1.092,0.875,1.139,0.903,1.438
2007,2.067,1.082,1.092,1.482,1.225,0.905,0.922,0.956,0.957,1.142,1.045,0.966
2008,0.352,0.438,1.571,0.978,0.714,0.691,0.86,0.541,0.801,1.261,1.201,0.823
2009,1.16,0.935,0.791,1.017,0.861,0.819,0.997,0.915,1.173,0.949,1.031,0.738
2010,1.176,1.225,1.424,1.37,1.132,0.96,0.894,0.984,0.923,1.286,1.457,0.699
2011,0.783,0.565,0.788,1.168,0.669,0.927,1.231,1.296,0.923,1.23,0.774,1.071
2012,0.606,0.415,0.718,1.338,1.264,1.04,0.835,0.92,1.012,1.228,1.072,0.454
2013,1.167,0.997,0.928,0.703,0.879,1.118,0.724,1.017,1.178,1.091,1.343,1.113
2014,1.226,0.314,1.049,1.293,1.234,0.864,0.628,1.131,1.124,1.18,0.689,1.325
2015,1.387,1.496,1.448,1.028,1.019,1.075,0.823,1.016,1.022,1.632,1.404,1.936
2016,1.705,2.226,2.215,1.844,1.296,0.941,1.025,1.536,1.214,1.076,1.159,1.361
2017,1.654,1.756,1.816,1.302,1.283,0.817,1.059,1.162,1.072,1.367,1.092,1.564
2018,1.268,1.131,1.409,1.34,1.129,1.031,1.191,1.063,0.955,1.478,0.821,1.33
2019,1.523,1.244,1.809,1.523,1.011,1.074,1.192,1.179,1.245,1.598,1.254,1.826
2020,2.099,2.124,1.759,1.655,1.288,1.189,1.204,1.183,1.492,1.298,1.716,1.223
2021,1.31,0.761,1.379,1.084,1.052,1.154,1.364,1.266,1.354,1.626,1.357,1.39
2022,1.449,1.192,1.502,1.349,1.028,1.317,1.323,1.328,1.204,1.576,0.712,0.976
2023,1.255,1.448,1.949,1.22,1.06,1.351,1.543,1.708,2.201,2.097,2.069,2.032
2024,1.772,1.99,2.009,1.923,1.474,1.761,,,,,,
